<?xml version="1.0" encoding="UTF-8"?>
<beans xmlns="http://www.springframework.org/schema/beans"
	xmlns:xsi="http://www.w3.org/2001/XMLSchema-instance"
	xmlns:context="http://www.springframework.org/schema/context"
	xmlns:jpa="http://www.springframework.org/schema/data/jpa"
	xmlns:mvc="http://www.springframework.org/schema/mvc"
	xmlns:tx="http://www.springframework.org/schema/tx"
	xsi:schemaLocation="http://www.springframework.org/schema/mvc http://www.springframework.org/schema/mvc/spring-mvc-4.3.xsd
		http://www.springframework.org/schema/beans http://www.springframework.org/schema/beans/spring-beans.xsd
		http://www.springframework.org/schema/context http://www.springframework.org/schema/context/spring-context-4.3.xsd
		http://www.springframework.org/schema/data/jpa http://www.springframework.org/schema/data/jpa/spring-jpa-1.8.xsd
		http://www.springframework.org/schema/tx http://www.springframework.org/schema/tx/spring-tx-4.3.xsd">


<context:annotation-config></context:annotation-config>
<context:component-scan base-package="my"></context:component-scan>
<mvc:annotation-driven></mvc:annotation-driven>

<bean id="resolver" class="org.springframework.web.servlet.view.InternalResourceViewResolver">
	<property name="prefix" value="/WEB-INF/view/"/>
	<property name="suffix" value=".jsp"/>
</bean>

<bean id="service" class="service.LoginServiceImpl">
	<constructor-arg ref="dao"></constructor-arg>
</bean>

<bean id="dao" class="dao.LoginDaoImpl" />

<bean id="ds" class="org.springframework.jdbc.datasource.DriverManagerDataSource">
	<property name="url" value="jdbc:mysql://localhost:3306/lab8" />
	<property name="username" value="root" />
	<property name="password" value="root" />
	<property name="driverClassName" value="com.mysql.jdbc.Driver" />
</bean>

<bean id="emf" class="org.springframework.orm.jpa.LocalContainerEntityManagerFactoryBean">
	<property name="dataSource" ref="ds"></property>
	
	<property name="jpaProperties">
		<props>
			<prop key="hibernate.dialect">org.hibernate.dialect.MySQL5Dialect</prop>
			<prop key="hibernate.hbm2ddl.auto">create</prop>
		</props>
	</property>
	<property name="packagesToScan" value="ui"></property>
	<property name="jpaVendorAdapter">
		<bean class="org.springframework.orm.jpa.vendor.HibernateJpaVendorAdapter"></bean>
	</property>
</bean>

<bean id="transactionManager" class="org.springframework.orm.jpa.JpaTransactionManager">
	<property name="entityManagerFactory" ref="emf"></property>
</bean>


 <tx:annotation-driven transaction-manager="transactionManager"/>


</beans>
